"pc","ca"
6AB,S12000035
6TN,S12000035
6TP,S12000035
6TR,S12000035
6TS,S12000035
6TT,S12000035
6TW,S12000035
6TX,S12000035
6TY,S12000035
6TZ,S12000035
6UA,S12000035
6UB,S12000035
6UD,S12000035
6UE,S12000035
6UF,S12000035
6UG,S12000035
6UH,S12000035
6UL,S12000035
6UN,S12000035
6UP,S12000035
6UQ,S12000035
6UR,S12000035
6UT,S12000035
6UU,S12000035
6UW,S12000035
6UX,S12000035
6UY,S12000035
6UZ,S12000035
6XA,S12000035
6XB,S12000035
6XD,S12000035
6XE,S12000035
6XF,S12000035
6XG,S12000035
6XH,S12000035
6XJ,S12000035
6XL,S12000035
6XQ,S12000035
